id,firststep,starterjob,occupation_group_id,occupation_group_name,careerarea_id,careerarea_name
1,FALSE,FALSE,63,General Managers,15,Business Management and Operations
10,TRUE,TRUE,136,Retail Managers,28,Sales
100,FALSE,TRUE,17,Business Analysis,20,Planning and Analysis
101,FALSE,TRUE,80,Investment Specialists,9,Finance
102,FALSE,FALSE,52,Financial Analysis,9,Finance
103,FALSE,FALSE,54,Financial Regulation and Compliance,25,"Law, Compliance, and Public Safety"
104,TRUE,TRUE,13,Banking and Lending,9,Finance
105,FALSE,TRUE,13,Banking and Lending,9,Finance
106,FALSE,TRUE,2,Accounting Professionals,9,Finance
107,FALSE,TRUE,3,Accounting Support,9,Finance
108,FALSE,FALSE,52,Financial Analysis,9,Finance
109,FALSE,FALSE,52,Financial Analysis,9,Finance
11,FALSE,FALSE,30,Communications and Public Relations,26,Marketing and Public Relations
110,FALSE,FALSE,80,Investment Specialists,9,Finance
111,FALSE,TRUE,54,Financial Regulation and Compliance,25,"Law, Compliance, and Public Safety"
112,FALSE,FALSE,144,Software Development,4,Information Technology
113,FALSE,TRUE,109,Networking and Systems,4,Information Technology
114,FALSE,FALSE,109,Networking and Systems,4,Information Technology
115,FALSE,TRUE,144,Software Development,4,Information Technology
116,FALSE,TRUE,144,Software Development,4,Information Technology
117,FALSE,FALSE,109,Networking and Systems,4,Information Technology
118,FALSE,FALSE,43,Digital Design,23,"Design, Media, and Writing"
119,FALSE,TRUE,144,Software Development,4,Information Technology
12,FALSE,FALSE,61,Fundraising and Grants,7,Education and Human Services
120,FALSE,FALSE,43,Digital Design,23,"Design, Media, and Writing"
121,FALSE,TRUE,38,Database Specialists,4,Information Technology
122,FALSE,TRUE,109,Networking and Systems,4,Information Technology
123,FALSE,FALSE,109,Networking and Systems,4,Information Technology
124,TRUE,TRUE,109,Networking and Systems,4,Information Technology
125,FALSE,TRUE,109,Networking and Systems,4,Information Technology
126,FALSE,FALSE,109,Networking and Systems,4,Information Technology
127,FALSE,TRUE,144,Software Development,4,Information Technology
128,FALSE,FALSE,109,Networking and Systems,4,Information Technology
129,FALSE,FALSE,109,Networking and Systems,4,Information Technology
13,FALSE,FALSE,30,Communications and Public Relations,26,Marketing and Public Relations
130,FALSE,FALSE,37,Data Analysis and Mathematics,20,Planning and Analysis
131,FALSE,FALSE,38,Database Specialists,4,Information Technology
132,FALSE,FALSE,38,Database Specialists,4,Information Technology
133,FALSE,FALSE,128,Project and Program Managers,15,Business Management and Operations
134,FALSE,TRUE,101,Marketing Specialists,26,Marketing and Public Relations
135,FALSE,FALSE,43,Digital Design,23,"Design, Media, and Writing"
136,TRUE,TRUE,161,Writing and Language,23,"Design, Media, and Writing"
137,FALSE,TRUE,37,Data Analysis and Mathematics,20,Planning and Analysis
138,FALSE,TRUE,18,Business Intelligence,4,Information Technology
139,FALSE,FALSE,18,Business Intelligence,4,Information Technology
14,FALSE,FALSE,129,Property Managers,15,Business Management and Operations
140,FALSE,FALSE,81,IT Managers,4,Information Technology
141,FALSE,FALSE,37,Data Analysis and Mathematics,20,Planning and Analysis
142,FALSE,FALSE,37,Data Analysis and Mathematics,20,Planning and Analysis
143,FALSE,TRUE,17,Business Analysis,20,Planning and Analysis
144,FALSE,FALSE,37,Data Analysis and Mathematics,20,Planning and Analysis
145,FALSE,FALSE,37,Data Analysis and Mathematics,20,Planning and Analysis
146,FALSE,FALSE,67,Health IT Professionals,11,Health Care including Nursing
147,FALSE,FALSE,12,Architects,5,"Construction, Extraction, and Architecture"
148,FALSE,TRUE,12,Architects,5,"Construction, Extraction, and Architecture"
149,FALSE,TRUE,24,Civil Engineering Technicians,19,Engineering
15,FALSE,FALSE,5,Administrative Managers,2,Clerical and Administrative
150,FALSE,FALSE,102,Mechanical and Related Engineers,19,Engineering
151,TRUE,TRUE,21,"Biomedical, Chemical, and Related Engineering",19,Engineering
152,FALSE,FALSE,21,"Biomedical, Chemical, and Related Engineering",19,Engineering
153,FALSE,TRUE,23,Civil and Safety Engineering,19,Engineering
154,FALSE,FALSE,23,Civil and Safety Engineering,19,Engineering
155,FALSE,FALSE,46,"Electrical, Electronic, and Related Engineering",19,Engineering
156,FALSE,TRUE,46,"Electrical, Electronic, and Related Engineering",19,Engineering
157,FALSE,FALSE,46,"Electrical, Electronic, and Related Engineering",19,Engineering
158,FALSE,FALSE,46,"Electrical, Electronic, and Related Engineering",19,Engineering
159,FALSE,FALSE,23,Civil and Safety Engineering,19,Engineering
16,FALSE,FALSE,81,IT Managers,4,Information Technology
160,FALSE,FALSE,23,Civil and Safety Engineering,19,Engineering
161,FALSE,FALSE,23,Civil and Safety Engineering,19,Engineering
162,FALSE,TRUE,102,Mechanical and Related Engineers,19,Engineering
163,FALSE,FALSE,102,Mechanical and Related Engineers,19,Engineering
164,FALSE,FALSE,102,Mechanical and Related Engineers,19,Engineering
165,FALSE,FALSE,21,"Biomedical, Chemical, and Related Engineering",19,Engineering
166,FALSE,TRUE,102,Mechanical and Related Engineers,19,Engineering
167,FALSE,FALSE,23,Civil and Safety Engineering,19,Engineering
168,FALSE,FALSE,21,"Biomedical, Chemical, and Related Engineering",19,Engineering
169,FALSE,FALSE,21,"Biomedical, Chemical, and Related Engineering",19,Engineering
17,FALSE,FALSE,53,Financial Managers,9,Finance
170,FALSE,FALSE,102,Mechanical and Related Engineers,19,Engineering
171,FALSE,FALSE,21,"Biomedical, Chemical, and Related Engineering",19,Engineering
172,FALSE,FALSE,102,Mechanical and Related Engineers,19,Engineering
173,FALSE,FALSE,102,Mechanical and Related Engineers,19,Engineering
174,FALSE,FALSE,23,Civil and Safety Engineering,19,Engineering
175,FALSE,FALSE,47,Energy and Sustainability Specialists,20,Planning and Analysis
176,FALSE,TRUE,44,Drafters and CAD Designers,19,Engineering
177,FALSE,TRUE,44,Drafters and CAD Designers,19,Engineering
178,FALSE,FALSE,46,"Electrical, Electronic, and Related Engineering",19,Engineering
179,FALSE,TRUE,44,Drafters and CAD Designers,19,Engineering
18,FALSE,FALSE,53,Financial Managers,9,Finance
180,FALSE,TRUE,44,Drafters and CAD Designers,19,Engineering
181,TRUE,TRUE,24,Civil Engineering Technicians,19,Engineering
182,FALSE,TRUE,46,"Electrical, Electronic, and Related Engineering",19,Engineering
183,FALSE,TRUE,46,"Electrical, Electronic, and Related Engineering",19,Engineering
184,TRUE,TRUE,24,Civil Engineering Technicians,19,Engineering
185,FALSE,FALSE,99,Manufacturing Engineering Technicians,19,Engineering
186,FALSE,TRUE,99,Manufacturing Engineering Technicians,19,Engineering
187,FALSE,FALSE,99,Manufacturing Engineering Technicians,19,Engineering
188,TRUE,TRUE,99,Manufacturing Engineering Technicians,19,Engineering
189,FALSE,TRUE,99,Manufacturing Engineering Technicians,19,Engineering
19,FALSE,FALSE,53,Financial Managers,9,Finance
190,FALSE,TRUE,24,Civil Engineering Technicians,19,Engineering
191,FALSE,FALSE,15,Biological Science,31,Science and Research
192,TRUE,TRUE,15,Biological Science,31,Science and Research
193,FALSE,FALSE,15,Biological Science,31,Science and Research
194,FALSE,FALSE,15,Biological Science,31,Science and Research
195,TRUE,TRUE,15,Biological Science,31,Science and Research
196,FALSE,FALSE,15,Biological Science,31,Science and Research
197,TRUE,TRUE,15,Biological Science,31,Science and Research
198,FALSE,FALSE,132,Rangers and Foresters,10,"Agriculture, Horticulture, & the Outdoors"
199,TRUE,TRUE,132,Rangers and Foresters,10,"Agriculture, Horticulture, & the Outdoors"
2,FALSE,FALSE,113,Occupational Safety and Compliance,25,"Law, Compliance, and Public Safety"
20,FALSE,FALSE,13,Banking and Lending,9,Finance
200,TRUE,TRUE,132,Rangers and Foresters,10,"Agriculture, Horticulture, & the Outdoors"
201,FALSE,FALSE,65,Health and Medical Research,31,Science and Research
202,FALSE,FALSE,65,Health and Medical Research,31,Science and Research
203,FALSE,FALSE,20,Chemical and Physical Science,31,Science and Research
204,FALSE,TRUE,50,Environmental and Climate Science,31,Science and Research
205,FALSE,FALSE,20,Chemical and Physical Science,31,Science and Research
206,FALSE,FALSE,20,Chemical and Physical Science,31,Science and Research
207,FALSE,TRUE,50,Environmental and Climate Science,31,Science and Research
208,FALSE,FALSE,50,Environmental and Climate Science,31,Science and Research
209,FALSE,FALSE,50,Environmental and Climate Science,31,Science and Research
21,FALSE,FALSE,126,Production Managers,16,Manufacturing and Production
210,FALSE,FALSE,50,Environmental and Climate Science,31,Science and Research
211,TRUE,TRUE,20,Chemical and Physical Science,31,Science and Research
212,FALSE,FALSE,123,Policy Analysis and Planning,20,Planning and Analysis
213,FALSE,FALSE,123,Policy Analysis and Planning,20,Planning and Analysis
214,FALSE,FALSE,105,Mental Health Therapy,11,Health Care including Nursing
215,FALSE,FALSE,123,Policy Analysis and Planning,20,Planning and Analysis
216,FALSE,FALSE,123,Policy Analysis and Planning,20,Planning and Analysis
217,FALSE,FALSE,64,General Research,31,Science and Research
218,FALSE,FALSE,123,Policy Analysis and Planning,20,Planning and Analysis
219,FALSE,TRUE,123,Policy Analysis and Planning,20,Planning and Analysis
22,FALSE,FALSE,116,Operations Managers,15,Business Management and Operations
220,TRUE,TRUE,127,Production Technicians and Assistants,16,Manufacturing and Production
221,TRUE,TRUE,139,Scientific Technicians,31,Science and Research
222,TRUE,TRUE,139,Scientific Technicians,31,Science and Research
224,TRUE,TRUE,139,Scientific Technicians,31,Science and Research
225,TRUE,TRUE,127,Production Technicians and Assistants,16,Manufacturing and Production
226,TRUE,TRUE,139,Scientific Technicians,31,Science and Research
227,TRUE,TRUE,132,Rangers and Foresters,10,"Agriculture, Horticulture, & the Outdoors"
228,TRUE,TRUE,139,Scientific Technicians,31,Science and Research
229,FALSE,TRUE,130,Quality Assurance,16,Manufacturing and Production
23,FALSE,FALSE,94,Logistics and Supply Chain Analysts/Specialists,15,Business Management and Operations
230,FALSE,FALSE,104,Mental and Behavioral Counseling,7,Education and Human Services
231,FALSE,FALSE,162,Youth and Career Counseling,7,Education and Human Services
232,TRUE,TRUE,162,Youth and Career Counseling,7,Education and Human Services
233,FALSE,FALSE,162,Youth and Career Counseling,7,Education and Human Services
234,FALSE,FALSE,105,Mental Health Therapy,11,Health Care including Nursing
235,TRUE,TRUE,104,Mental and Behavioral Counseling,7,Education and Human Services
236,FALSE,TRUE,162,Youth and Career Counseling,7,Education and Human Services
238,TRUE,TRUE,162,Youth and Career Counseling,7,Education and Human Services
239,FALSE,FALSE,143,Social Work,7,Education and Human Services
24,FALSE,FALSE,95,Logistics and Distribution Managers,15,Business Management and Operations
240,FALSE,FALSE,143,Social Work,7,Education and Human Services
241,FALSE,TRUE,66,Health Education and Counseling,11,Health Care including Nursing
242,FALSE,TRUE,87,Law Enforcement and Public Safety,25,"Law, Compliance, and Public Safety"
243,TRUE,TRUE,76,Human Services,7,Education and Human Services
244,FALSE,TRUE,66,Health Education and Counseling,11,Health Care including Nursing
245,FALSE,FALSE,135,Religion and Clergy,7,Education and Human Services
246,TRUE,TRUE,135,Religion and Clergy,7,Education and Human Services
247,FALSE,FALSE,89,Legal Professionals,25,"Law, Compliance, and Public Safety"
248,FALSE,FALSE,89,Legal Professionals,25,"Law, Compliance, and Public Safety"
249,FALSE,FALSE,89,Legal Professionals,25,"Law, Compliance, and Public Safety"
25,FALSE,FALSE,95,Logistics and Distribution Managers,15,Business Management and Operations
250,FALSE,TRUE,90,Legal Support,25,"Law, Compliance, and Public Safety"
251,TRUE,TRUE,90,Legal Support,25,"Law, Compliance, and Public Safety"
252,TRUE,TRUE,25,Clerical Workers,2,Clerical and Administrative
253,FALSE,TRUE,90,Legal Support,25,"Law, Compliance, and Public Safety"
254,FALSE,FALSE,112,Nursing Management and Training,11,Health Care including Nursing
255,FALSE,FALSE,159,Vocational and Professional Instruction,7,Education and Human Services
256,FALSE,FALSE,29,College Professors,7,Education and Human Services
257,TRUE,TRUE,22,Childcare Teachers and Directors,7,Education and Human Services
258,TRUE,TRUE,84,K-12 Teaching,7,Education and Human Services
259,TRUE,TRUE,84,K-12 Teaching,7,Education and Human Services
26,FALSE,TRUE,95,Logistics and Distribution Managers,15,Business Management and Operations
260,TRUE,TRUE,84,K-12 Teaching,7,Education and Human Services
261,TRUE,TRUE,84,K-12 Teaching,7,Education and Human Services
262,FALSE,TRUE,159,Vocational and Professional Instruction,7,Education and Human Services
263,TRUE,TRUE,148,Teaching Support and Enrichment,7,Education and Human Services
264,TRUE,TRUE,148,Teaching Support and Enrichment,7,Education and Human Services
265,TRUE,TRUE,148,Teaching Support and Enrichment,7,Education and Human Services
266,FALSE,FALSE,91,Library and Museum Workers,7,Education and Human Services
267,FALSE,FALSE,91,Library and Museum Workers,7,Education and Human Services
268,FALSE,FALSE,64,General Research,31,Science and Research
269,FALSE,FALSE,91,Library and Museum Workers,7,Education and Human Services
27,FALSE,FALSE,75,Human Resources Specialists,24,Human Resources
271,FALSE,FALSE,78,Instructional and Curriculum Design,7,Education and Human Services
272,FALSE,FALSE,78,Instructional and Curriculum Design,7,Education and Human Services
273,TRUE,TRUE,148,Teaching Support and Enrichment,7,Education and Human Services
274,TRUE,TRUE,148,Teaching Support and Enrichment,7,Education and Human Services
275,FALSE,FALSE,43,Digital Design,23,"Design, Media, and Writing"
276,FALSE,TRUE,158,Visual Arts,23,"Design, Media, and Writing"
277,FALSE,FALSE,43,Digital Design,23,"Design, Media, and Writing"
278,FALSE,FALSE,102,Mechanical and Related Engineers,19,Engineering
279,FALSE,FALSE,125,Product Design,23,"Design, Media, and Writing"
28,FALSE,FALSE,75,Human Resources Specialists,24,Human Resources
280,FALSE,FALSE,51,"Fashion, Floral, and Interior Design",23,"Design, Media, and Writing"
281,TRUE,TRUE,51,"Fashion, Floral, and Interior Design",23,"Design, Media, and Writing"
282,FALSE,TRUE,43,Digital Design,23,"Design, Media, and Writing"
283,FALSE,TRUE,51,"Fashion, Floral, and Interior Design",23,"Design, Media, and Writing"
284,FALSE,TRUE,106,Merchandising,28,Sales
285,TRUE,TRUE,106,Merchandising,28,Sales
286,TRUE,TRUE,106,Merchandising,28,Sales
287,FALSE,FALSE,51,"Fashion, Floral, and Interior Design",23,"Design, Media, and Writing"
288,TRUE,TRUE,83,Performing Arts,27,Performing Arts
289,FALSE,TRUE,82,Journalism and Broadcasting,23,"Design, Media, and Writing"
29,FALSE,FALSE,75,Human Resources Specialists,24,Human Resources
290,FALSE,FALSE,83,Performing Arts,27,Performing Arts
291,TRUE,TRUE,86,Landscaping and Gardening,10,"Agriculture, Horticulture, & the Outdoors"
292,FALSE,TRUE,72,Recreation and Sports,12,"Hospitality, Food, and Tourism"
293,TRUE,TRUE,72,Recreation and Sports,12,"Hospitality, Food, and Tourism"
294,FALSE,FALSE,83,Performing Arts,27,Performing Arts
295,FALSE,TRUE,83,Performing Arts,27,Performing Arts
296,FALSE,TRUE,83,Performing Arts,27,Performing Arts
297,FALSE,TRUE,83,Performing Arts,27,Performing Arts
298,FALSE,TRUE,82,Journalism and Broadcasting,23,"Design, Media, and Writing"
299,FALSE,TRUE,83,Performing Arts,27,Performing Arts
3,FALSE,TRUE,116,Operations Managers,15,Business Management and Operations
30,FALSE,FALSE,75,Human Resources Specialists,24,Human Resources
300,FALSE,TRUE,82,Journalism and Broadcasting,23,"Design, Media, and Writing"
301,TRUE,TRUE,101,Marketing Specialists,26,Marketing and Public Relations
302,FALSE,TRUE,30,Communications and Public Relations,26,Marketing and Public Relations
303,FALSE,TRUE,30,Communications and Public Relations,26,Marketing and Public Relations
304,FALSE,TRUE,30,Communications and Public Relations,26,Marketing and Public Relations
305,FALSE,FALSE,30,Communications and Public Relations,26,Marketing and Public Relations
306,FALSE,TRUE,82,Journalism and Broadcasting,23,"Design, Media, and Writing"
307,FALSE,FALSE,161,Writing and Language,23,"Design, Media, and Writing"
308,FALSE,FALSE,161,Writing and Language,23,"Design, Media, and Writing"
309,FALSE,TRUE,161,Writing and Language,23,"Design, Media, and Writing"
31,FALSE,TRUE,8,Agriculture Managers,10,"Agriculture, Horticulture, & the Outdoors"
311,TRUE,TRUE,161,Writing and Language,23,"Design, Media, and Writing"
312,TRUE,TRUE,16,Broadcasting and A/V Technicians,23,"Design, Media, and Writing"
313,FALSE,TRUE,16,Broadcasting and A/V Technicians,23,"Design, Media, and Writing"
314,FALSE,FALSE,16,Broadcasting and A/V Technicians,23,"Design, Media, and Writing"
315,TRUE,TRUE,158,Visual Arts,23,"Design, Media, and Writing"
316,FALSE,TRUE,158,Visual Arts,23,"Design, Media, and Writing"
317,FALSE,TRUE,158,Visual Arts,23,"Design, Media, and Writing"
318,FALSE,FALSE,11,Alternative Medicine,11,Health Care including Nursing
319,FALSE,FALSE,41,Dentists,11,Health Care including Nursing
32,TRUE,TRUE,8,Agriculture Managers,10,"Agriculture, Horticulture, & the Outdoors"
320,TRUE,TRUE,107,Mid-Level Healthcare Therapists,11,Health Care including Nursing
321,FALSE,FALSE,157,Vision and Hearing Specialists,11,Health Care including Nursing
322,FALSE,FALSE,120,Pharmacists,11,Health Care including Nursing
323,FALSE,FALSE,121,Physicians,11,Health Care including Nursing
324,TRUE,TRUE,118,Patient Care Technicians,11,Health Care including Nursing
325,FALSE,FALSE,7,Advanced Nursing and Physician Assistants,11,Health Care including Nursing
326,FALSE,FALSE,6,Advanced Healthcare Therapists,11,Health Care including Nursing
327,FALSE,FALSE,6,Advanced Healthcare Therapists,11,Health Care including Nursing
328,TRUE,TRUE,42,Diagnostic Technologists and Technicians,11,Health Care including Nursing
329,TRUE,TRUE,107,Mid-Level Healthcare Therapists,11,Health Care including Nursing
33,FALSE,TRUE,8,Agriculture Managers,10,"Agriculture, Horticulture, & the Outdoors"
330,TRUE,TRUE,107,Mid-Level Healthcare Therapists,11,Health Care including Nursing
331,FALSE,FALSE,6,Advanced Healthcare Therapists,11,Health Care including Nursing
332,FALSE,FALSE,107,Mid-Level Healthcare Therapists,11,Health Care including Nursing
333,FALSE,FALSE,156,Veterinarians,11,Health Care including Nursing
334,TRUE,TRUE,134,Registered and Practical Nursing,11,Health Care including Nursing
335,TRUE,TRUE,134,Registered and Practical Nursing,11,Health Care including Nursing
336,FALSE,FALSE,7,Advanced Nursing and Physician Assistants,11,Health Care including Nursing
337,FALSE,TRUE,134,Registered and Practical Nursing,11,Health Care including Nursing
338,FALSE,FALSE,112,Nursing Management and Training,11,Health Care including Nursing
339,FALSE,FALSE,7,Advanced Nursing and Physician Assistants,11,Health Care including Nursing
34,FALSE,FALSE,31,Construction Managers,5,"Construction, Extraction, and Architecture"
340,FALSE,FALSE,7,Advanced Nursing and Physician Assistants,11,Health Care including Nursing
341,FALSE,FALSE,7,Advanced Nursing and Physician Assistants,11,Health Care including Nursing
342,FALSE,FALSE,157,Vision and Hearing Specialists,11,Health Care including Nursing
343,FALSE,FALSE,157,Vision and Hearing Specialists,11,Health Care including Nursing
344,FALSE,FALSE,11,Alternative Medicine,11,Health Care including Nursing
345,TRUE,TRUE,27,Clinical Laboratory Technologists and Technicians,11,Health Care including Nursing
346,TRUE,TRUE,27,Clinical Laboratory Technologists and Technicians,11,Health Care including Nursing
347,TRUE,TRUE,27,Clinical Laboratory Technologists and Technicians,11,Health Care including Nursing
348,TRUE,TRUE,27,Clinical Laboratory Technologists and Technicians,11,Health Care including Nursing
349,TRUE,TRUE,40,Dental Assistants and Hygienists,11,Health Care including Nursing
35,FALSE,TRUE,22,Childcare Teachers and Directors,7,Education and Human Services
350,TRUE,TRUE,42,Diagnostic Technologists and Technicians,11,Health Care including Nursing
351,TRUE,TRUE,42,Diagnostic Technologists and Technicians,11,Health Care including Nursing
352,TRUE,TRUE,42,Diagnostic Technologists and Technicians,11,Health Care including Nursing
353,TRUE,TRUE,42,Diagnostic Technologists and Technicians,11,Health Care including Nursing
354,TRUE,TRUE,42,Diagnostic Technologists and Technicians,11,Health Care including Nursing
355,TRUE,TRUE,118,Patient Care Technicians,11,Health Care including Nursing
356,TRUE,TRUE,71,Healthcare Patient Support,11,Health Care including Nursing
357,TRUE,TRUE,110,Non-Patient Care Support,11,Health Care including Nursing
358,TRUE,TRUE,71,Healthcare Patient Support,11,Health Care including Nursing
359,TRUE,TRUE,118,Patient Care Technicians,11,Health Care including Nursing
36,FALSE,FALSE,45,Education Administration,7,Education and Human Services
360,TRUE,TRUE,42,Diagnostic Technologists and Technicians,11,Health Care including Nursing
361,TRUE,TRUE,157,Vision and Hearing Specialists,11,Health Care including Nursing
362,TRUE,TRUE,134,Registered and Practical Nursing,11,Health Care including Nursing
363,FALSE,TRUE,68,Health IT Support,11,Health Care including Nursing
364,TRUE,TRUE,14,Billing and Collections,2,Clerical and Administrative
365,TRUE,TRUE,68,Health IT Support,11,Health Care including Nursing
366,FALSE,FALSE,68,Health IT Support,11,Health Care including Nursing
367,TRUE,TRUE,68,Health IT Support,11,Health Care including Nursing
368,FALSE,FALSE,67,Health IT Professionals,11,Health Care including Nursing
369,FALSE,FALSE,67,Health IT Professionals,11,Health Care including Nursing
37,FALSE,FALSE,45,Education Administration,7,Education and Human Services
370,FALSE,FALSE,67,Health IT Professionals,11,Health Care including Nursing
371,TRUE,TRUE,157,Vision and Hearing Specialists,11,Health Care including Nursing
372,TRUE,TRUE,6,Advanced Healthcare Therapists,11,Health Care including Nursing
373,TRUE,TRUE,42,Diagnostic Technologists and Technicians,11,Health Care including Nursing
374,TRUE,TRUE,118,Patient Care Technicians,11,Health Care including Nursing
375,TRUE,TRUE,42,Diagnostic Technologists and Technicians,11,Health Care including Nursing
376,TRUE,TRUE,118,Patient Care Technicians,11,Health Care including Nursing
377,TRUE,TRUE,42,Diagnostic Technologists and Technicians,11,Health Care including Nursing
378,TRUE,TRUE,118,Patient Care Technicians,11,Health Care including Nursing
38,TRUE,TRUE,57,Fitness and Wellness,11,Health Care including Nursing
380,TRUE,TRUE,42,Diagnostic Technologists and Technicians,11,Health Care including Nursing
381,FALSE,FALSE,113,Occupational Safety and Compliance,25,"Law, Compliance, and Public Safety"
382,FALSE,TRUE,113,Occupational Safety and Compliance,25,"Law, Compliance, and Public Safety"
383,TRUE,TRUE,107,Mid-Level Healthcare Therapists,11,Health Care including Nursing
384,TRUE,TRUE,71,Healthcare Patient Support,11,Health Care including Nursing
385,TRUE,TRUE,71,Healthcare Patient Support,11,Health Care including Nursing
386,TRUE,TRUE,71,Healthcare Patient Support,11,Health Care including Nursing
387,TRUE,TRUE,71,Healthcare Patient Support,11,Health Care including Nursing
388,TRUE,TRUE,150,Therapy Support,11,Health Care including Nursing
389,TRUE,TRUE,150,Therapy Support,11,Health Care including Nursing
39,FALSE,FALSE,45,Education Administration,7,Education and Human Services
390,TRUE,TRUE,150,Therapy Support,11,Health Care including Nursing
391,TRUE,TRUE,150,Therapy Support,11,Health Care including Nursing
392,TRUE,TRUE,11,Alternative Medicine,11,Health Care including Nursing
393,TRUE,TRUE,40,Dental Assistants and Hygienists,11,Health Care including Nursing
394,TRUE,TRUE,118,Patient Care Technicians,11,Health Care including Nursing
395,TRUE,TRUE,110,Non-Patient Care Support,11,Health Care including Nursing
396,TRUE,TRUE,69,Healthcare Administrative Support,11,Health Care including Nursing
397,TRUE,TRUE,110,Non-Patient Care Support,11,Health Care including Nursing
398,TRUE,TRUE,119,Pet and Animal Care,18,Personal Care and Services
399,TRUE,TRUE,118,Patient Care Technicians,11,Health Care including Nursing
4,FALSE,TRUE,63,General Managers,15,Business Management and Operations
40,FALSE,FALSE,49,Engineering Managers,19,Engineering
401,TRUE,TRUE,118,Patient Care Technicians,11,Health Care including Nursing
402,TRUE,TRUE,107,Mid-Level Healthcare Therapists,11,Health Care including Nursing
404,FALSE,FALSE,87,Law Enforcement and Public Safety,25,"Law, Compliance, and Public Safety"
405,FALSE,FALSE,56,Fire Safety,25,"Law, Compliance, and Public Safety"
406,FALSE,FALSE,140,Security,25,"Law, Compliance, and Public Safety"
407,TRUE,TRUE,56,Fire Safety,25,"Law, Compliance, and Public Safety"
408,FALSE,TRUE,56,Fire Safety,25,"Law, Compliance, and Public Safety"
409,TRUE,TRUE,87,Law Enforcement and Public Safety,25,"Law, Compliance, and Public Safety"
41,FALSE,TRUE,60,Food Service Managers,12,"Hospitality, Food, and Tourism"
410,TRUE,TRUE,87,Law Enforcement and Public Safety,25,"Law, Compliance, and Public Safety"
411,TRUE,TRUE,88,Legal Investigation,25,"Law, Compliance, and Public Safety"
412,FALSE,TRUE,88,Legal Investigation,25,"Law, Compliance, and Public Safety"
413,TRUE,TRUE,87,Law Enforcement and Public Safety,25,"Law, Compliance, and Public Safety"
414,FALSE,FALSE,37,Data Analysis and Mathematics,20,Planning and Analysis
415,FALSE,FALSE,87,Law Enforcement and Public Safety,25,"Law, Compliance, and Public Safety"
416,TRUE,TRUE,87,Law Enforcement and Public Safety,25,"Law, Compliance, and Public Safety"
417,TRUE,TRUE,87,Law Enforcement and Public Safety,25,"Law, Compliance, and Public Safety"
418,TRUE,TRUE,87,Law Enforcement and Public Safety,25,"Law, Compliance, and Public Safety"
419,TRUE,TRUE,87,Law Enforcement and Public Safety,25,"Law, Compliance, and Public Safety"
42,TRUE,TRUE,62,Funeral Directors,7,Education and Human Services
420,FALSE,TRUE,88,Legal Investigation,25,"Law, Compliance, and Public Safety"
421,TRUE,TRUE,88,Legal Investigation,25,"Law, Compliance, and Public Safety"
422,TRUE,TRUE,140,Security,25,"Law, Compliance, and Public Safety"
423,TRUE,TRUE,72,Recreation and Sports,12,"Hospitality, Food, and Tourism"
424,TRUE,TRUE,140,Security,25,"Law, Compliance, and Public Safety"
425,TRUE,TRUE,140,Security,25,"Law, Compliance, and Public Safety"
426,FALSE,TRUE,58,Food and Beverage Preparation,12,"Hospitality, Food, and Tourism"
427,TRUE,TRUE,60,Food Service Managers,12,"Hospitality, Food, and Tourism"
428,TRUE,TRUE,58,Food and Beverage Preparation,12,"Hospitality, Food, and Tourism"
429,TRUE,TRUE,58,Food and Beverage Preparation,12,"Hospitality, Food, and Tourism"
43,FALSE,TRUE,73,Hospitality Managers,12,"Hospitality, Food, and Tourism"
430,TRUE,TRUE,58,Food and Beverage Preparation,12,"Hospitality, Food, and Tourism"
431,TRUE,TRUE,59,Food and Beverage Service and Support,12,"Hospitality, Food, and Tourism"
432,TRUE,TRUE,58,Food and Beverage Preparation,12,"Hospitality, Food, and Tourism"
433,TRUE,TRUE,59,Food and Beverage Service and Support,12,"Hospitality, Food, and Tourism"
434,TRUE,TRUE,71,Healthcare Patient Support,11,Health Care including Nursing
435,TRUE,TRUE,59,Food and Beverage Service and Support,12,"Hospitality, Food, and Tourism"
436,TRUE,TRUE,59,Food and Beverage Service and Support,12,"Hospitality, Food, and Tourism"
437,TRUE,TRUE,59,Food and Beverage Service and Support,12,"Hospitality, Food, and Tourism"
438,FALSE,TRUE,74,Housekeeping and Cleaning,12,"Hospitality, Food, and Tourism"
439,FALSE,TRUE,86,Landscaping and Gardening,10,"Agriculture, Horticulture, & the Outdoors"
44,FALSE,TRUE,70,Healthcare Administrators and Managers,11,Health Care including Nursing
440,TRUE,TRUE,74,Housekeeping and Cleaning,12,"Hospitality, Food, and Tourism"
441,TRUE,TRUE,74,Housekeeping and Cleaning,12,"Hospitality, Food, and Tourism"
442,TRUE,TRUE,86,Landscaping and Gardening,10,"Agriculture, Horticulture, & the Outdoors"
443,TRUE,TRUE,86,Landscaping and Gardening,10,"Agriculture, Horticulture, & the Outdoors"
444,TRUE,TRUE,86,Landscaping and Gardening,10,"Agriculture, Horticulture, & the Outdoors"
445,TRUE,TRUE,86,Landscaping and Gardening,10,"Agriculture, Horticulture, & the Outdoors"
446,TRUE,TRUE,133,Gaming,12,"Hospitality, Food, and Tourism"
447,TRUE,TRUE,133,Gaming,12,"Hospitality, Food, and Tourism"
448,TRUE,TRUE,145,Stylists and Cosmetologists,18,Personal Care and Services
449,TRUE,TRUE,119,Pet and Animal Care,18,Personal Care and Services
45,FALSE,TRUE,112,Nursing Management and Training,11,Health Care including Nursing
450,TRUE,TRUE,119,Pet and Animal Care,18,Personal Care and Services
451,TRUE,TRUE,119,Pet and Animal Care,18,Personal Care and Services
452,TRUE,TRUE,133,Gaming,12,"Hospitality, Food, and Tourism"
453,TRUE,TRUE,72,Recreation and Sports,12,"Hospitality, Food, and Tourism"
454,TRUE,TRUE,145,Stylists and Cosmetologists,18,Personal Care and Services
455,TRUE,TRUE,145,Stylists and Cosmetologists,18,Personal Care and Services
456,FALSE,TRUE,145,Stylists and Cosmetologists,18,Personal Care and Services
457,TRUE,TRUE,145,Stylists and Cosmetologists,18,Personal Care and Services
458,TRUE,TRUE,145,Stylists and Cosmetologists,18,Personal Care and Services
459,TRUE,TRUE,35,Hospitality Support,12,"Hospitality, Food, and Tourism"
46,FALSE,FALSE,112,Nursing Management and Training,11,Health Care including Nursing
460,TRUE,TRUE,35,Hospitality Support,12,"Hospitality, Food, and Tourism"
461,TRUE,TRUE,72,Recreation and Sports,12,"Hospitality, Food, and Tourism"
462,TRUE,TRUE,36,Travel and Event Planning,12,"Hospitality, Food, and Tourism"
463,TRUE,TRUE,19,Caregiving,18,Personal Care and Services
464,TRUE,TRUE,19,Caregiving,18,Personal Care and Services
465,TRUE,TRUE,57,Fitness and Wellness,11,Health Care including Nursing
466,TRUE,TRUE,72,Recreation and Sports,12,"Hospitality, Food, and Tourism"
467,TRUE,TRUE,162,Youth and Career Counseling,7,Education and Human Services
468,FALSE,TRUE,145,Stylists and Cosmetologists,18,Personal Care and Services
469,TRUE,TRUE,136,Retail Managers,28,Sales
47,FALSE,FALSE,6,Advanced Healthcare Therapists,11,Health Care including Nursing
470,FALSE,TRUE,138,Sales Managers,28,Sales
471,TRUE,TRUE,137,Retail Sales and Service,28,Sales
472,TRUE,TRUE,137,Retail Sales and Service,28,Sales
473,FALSE,TRUE,137,Retail Sales and Service,28,Sales
474,TRUE,TRUE,137,Retail Sales and Service,28,Sales
475,TRUE,TRUE,111,Non-Technical Sales,28,Sales
476,TRUE,TRUE,111,Non-Technical Sales,28,Sales
477,TRUE,TRUE,79,Insurance Claims and Sales,9,Finance
478,TRUE,TRUE,55,Financial Sales,9,Finance
479,FALSE,FALSE,80,Investment Specialists,9,Finance
48,FALSE,FALSE,70,Healthcare Administrators and Managers,11,Health Care including Nursing
480,FALSE,TRUE,36,Travel and Event Planning,12,"Hospitality, Food, and Tourism"
481,FALSE,FALSE,149,Technical Sales,28,Sales
482,TRUE,TRUE,26,Client Support and Sales,28,Sales
483,FALSE,TRUE,26,Client Support and Sales,28,Sales
484,FALSE,TRUE,48,Energy Sales,28,Sales
485,TRUE,TRUE,111,Non-Technical Sales,28,Sales
486,FALSE,TRUE,48,Energy Sales,28,Sales
487,TRUE,TRUE,149,Technical Sales,28,Sales
488,FALSE,FALSE,149,Technical Sales,28,Sales
489,TRUE,TRUE,111,Non-Technical Sales,28,Sales
49,FALSE,FALSE,70,Healthcare Administrators and Managers,11,Health Care including Nursing
490,TRUE,TRUE,111,Non-Technical Sales,28,Sales
491,FALSE,FALSE,149,Technical Sales,28,Sales
492,TRUE,TRUE,111,Non-Technical Sales,28,Sales
493,TRUE,TRUE,111,Non-Technical Sales,28,Sales
494,TRUE,TRUE,111,Non-Technical Sales,28,Sales
495,FALSE,FALSE,106,Merchandising,28,Sales
496,FALSE,TRUE,114,Office Administration,2,Clerical and Administrative
497,FALSE,TRUE,33,Customer Service Managers,6,Customer and Client Support
498,FALSE,FALSE,33,Customer Service Managers,6,Customer and Client Support
499,FALSE,FALSE,2,Accounting Professionals,9,Finance
50,FALSE,FALSE,64,General Research,31,Science and Research
500,FALSE,TRUE,114,Office Administration,2,Clerical and Administrative
501,FALSE,FALSE,70,Healthcare Administrators and Managers,11,Health Care including Nursing
502,FALSE,FALSE,2,Accounting Professionals,9,Finance
503,FALSE,FALSE,2,Accounting Professionals,9,Finance
504,FALSE,FALSE,14,Billing and Collections,2,Clerical and Administrative
505,TRUE,TRUE,25,Clerical Workers,2,Clerical and Administrative
507,TRUE,TRUE,14,Billing and Collections,2,Clerical and Administrative
508,TRUE,TRUE,14,Billing and Collections,2,Clerical and Administrative
509,FALSE,TRUE,3,Accounting Support,9,Finance
51,FALSE,TRUE,65,Health and Medical Research,31,Science and Research
510,FALSE,TRUE,3,Accounting Support,9,Finance
511,FALSE,TRUE,124,Procurement,15,Business Management and Operations
512,TRUE,TRUE,13,Banking and Lending,9,Finance
513,FALSE,TRUE,80,Investment Specialists,9,Finance
514,FALSE,TRUE,25,Clerical Workers,2,Clerical and Administrative
515,TRUE,TRUE,25,Clerical Workers,2,Clerical and Administrative
516,TRUE,TRUE,13,Banking and Lending,9,Finance
518,TRUE,TRUE,34,Customer Service Representatives,6,Customer and Client Support
519,TRUE,TRUE,69,Healthcare Administrative Support,11,Health Care including Nursing
52,FALSE,FALSE,47,Energy and Sustainability Specialists,20,Planning and Analysis
520,FALSE,TRUE,25,Clerical Workers,2,Clerical and Administrative
521,FALSE,FALSE,61,Fundraising and Grants,7,Education and Human Services
522,TRUE,TRUE,25,Clerical Workers,2,Clerical and Administrative
523,TRUE,TRUE,35,Hospitality Support,12,"Hospitality, Food, and Tourism"
524,TRUE,TRUE,35,Hospitality Support,12,"Hospitality, Food, and Tourism"
526,TRUE,TRUE,91,Library and Museum Workers,7,Education and Human Services
527,TRUE,TRUE,13,Banking and Lending,9,Finance
528,TRUE,TRUE,55,Financial Sales,9,Finance
53,FALSE,TRUE,129,Property Managers,15,Business Management and Operations
530,TRUE,TRUE,75,Human Resources Specialists,24,Human Resources
531,TRUE,TRUE,4,Administrative Assistants,2,Clerical and Administrative
532,TRUE,TRUE,35,Hospitality Support,12,"Hospitality, Food, and Tourism"
533,FALSE,TRUE,93,Logistics and Operational Support,15,Business Management and Operations
534,FALSE,TRUE,93,Logistics and Operational Support,15,Business Management and Operations
535,TRUE,TRUE,39,Delivery Drivers and Messengers,30,Transportation
536,TRUE,TRUE,93,Logistics and Operational Support,15,Business Management and Operations
537,TRUE,TRUE,98,Maintenance and Repair,14,"Maintenance, Repair, and Installation"
538,TRUE,TRUE,93,Logistics and Operational Support,15,Business Management and Operations
539,TRUE,TRUE,93,Logistics and Operational Support,15,Business Management and Operations
54,FALSE,TRUE,129,Property Managers,15,Business Management and Operations
540,TRUE,TRUE,85,Laborers and Warehouse Workers,15,Business Management and Operations
541,TRUE,TRUE,106,Merchandising,28,Sales
542,TRUE,TRUE,93,Logistics and Operational Support,15,Business Management and Operations
543,TRUE,TRUE,93,Logistics and Operational Support,15,Business Management and Operations
544,FALSE,TRUE,4,Administrative Assistants,2,Clerical and Administrative
545,FALSE,TRUE,26,Client Support and Sales,28,Sales
546,FALSE,FALSE,4,Administrative Assistants,2,Clerical and Administrative
547,TRUE,TRUE,69,Healthcare Administrative Support,11,Health Care including Nursing
548,TRUE,TRUE,4,Administrative Assistants,2,Clerical and Administrative
549,FALSE,TRUE,109,Networking and Systems,4,Information Technology
55,FALSE,TRUE,129,Property Managers,15,Business Management and Operations
550,TRUE,TRUE,25,Clerical Workers,2,Clerical and Administrative
551,TRUE,TRUE,25,Clerical Workers,2,Clerical and Administrative
552,TRUE,TRUE,79,Insurance Claims and Sales,9,Finance
553,TRUE,TRUE,79,Insurance Claims and Sales,9,Finance
555,TRUE,TRUE,25,Clerical Workers,2,Clerical and Administrative
556,TRUE,TRUE,25,Clerical Workers,2,Clerical and Administrative
557,TRUE,TRUE,161,Writing and Language,23,"Design, Media, and Writing"
559,TRUE,TRUE,92,Logging,5,"Construction, Extraction, and Architecture"
56,FALSE,TRUE,129,Property Managers,15,Business Management and Operations
560,TRUE,TRUE,9,Agriculture Workers,10,"Agriculture, Horticulture, & the Outdoors"
561,TRUE,TRUE,9,Agriculture Workers,10,"Agriculture, Horticulture, & the Outdoors"
562,TRUE,TRUE,9,Agriculture Workers,10,"Agriculture, Horticulture, & the Outdoors"
563,TRUE,TRUE,86,Landscaping and Gardening,10,"Agriculture, Horticulture, & the Outdoors"
564,FALSE,FALSE,31,Construction Managers,5,"Construction, Extraction, and Architecture"
565,FALSE,FALSE,160,Welders and Metal Workers,5,"Construction, Extraction, and Architecture"
566,FALSE,TRUE,141,Skilled Construction and Building Trades,5,"Construction, Extraction, and Architecture"
567,FALSE,TRUE,141,Skilled Construction and Building Trades,5,"Construction, Extraction, and Architecture"
568,TRUE,TRUE,32,Construction Workers,5,"Construction, Extraction, and Architecture"
569,TRUE,TRUE,32,Construction Workers,5,"Construction, Extraction, and Architecture"
57,FALSE,TRUE,76,Human Services,7,Education and Human Services
570,FALSE,FALSE,32,Construction Workers,5,"Construction, Extraction, and Architecture"
571,FALSE,TRUE,32,Construction Workers,5,"Construction, Extraction, and Architecture"
572,TRUE,TRUE,32,Construction Workers,5,"Construction, Extraction, and Architecture"
573,FALSE,TRUE,32,Construction Workers,5,"Construction, Extraction, and Architecture"
574,FALSE,TRUE,32,Construction Workers,5,"Construction, Extraction, and Architecture"
575,FALSE,TRUE,141,Skilled Construction and Building Trades,5,"Construction, Extraction, and Architecture"
576,TRUE,TRUE,141,Skilled Construction and Building Trades,5,"Construction, Extraction, and Architecture"
577,TRUE,TRUE,32,Construction Workers,5,"Construction, Extraction, and Architecture"
578,TRUE,TRUE,117,Painting and Exterior Work,16,Manufacturing and Production
579,FALSE,FALSE,141,Skilled Construction and Building Trades,5,"Construction, Extraction, and Architecture"
58,FALSE,FALSE,116,Operations Managers,15,Business Management and Operations
580,FALSE,FALSE,141,Skilled Construction and Building Trades,5,"Construction, Extraction, and Architecture"
581,FALSE,TRUE,141,Skilled Construction and Building Trades,5,"Construction, Extraction, and Architecture"
583,FALSE,FALSE,32,Construction Workers,5,"Construction, Extraction, and Architecture"
584,FALSE,TRUE,160,Welders and Metal Workers,5,"Construction, Extraction, and Architecture"
585,FALSE,TRUE,160,Welders and Metal Workers,5,"Construction, Extraction, and Architecture"
586,TRUE,TRUE,32,Construction Workers,5,"Construction, Extraction, and Architecture"
587,TRUE,TRUE,32,Construction Workers,5,"Construction, Extraction, and Architecture"
588,TRUE,TRUE,32,Construction Workers,5,"Construction, Extraction, and Architecture"
589,FALSE,TRUE,141,Skilled Construction and Building Trades,5,"Construction, Extraction, and Architecture"
59,FALSE,TRUE,128,Project and Program Managers,15,Business Management and Operations
590,TRUE,TRUE,127,Production Technicians and Assistants,16,Manufacturing and Production
591,TRUE,TRUE,98,Maintenance and Repair,14,"Maintenance, Repair, and Installation"
592,TRUE,TRUE,32,Construction Workers,5,"Construction, Extraction, and Architecture"
593,FALSE,FALSE,32,Construction Workers,5,"Construction, Extraction, and Architecture"
594,TRUE,TRUE,32,Construction Workers,5,"Construction, Extraction, and Architecture"
595,FALSE,TRUE,115,Oil and Gas Workers,5,"Construction, Extraction, and Architecture"
596,FALSE,FALSE,115,Oil and Gas Workers,5,"Construction, Extraction, and Architecture"
597,FALSE,TRUE,108,Mining,5,"Construction, Extraction, and Architecture"
598,TRUE,TRUE,108,Mining,5,"Construction, Extraction, and Architecture"
599,FALSE,TRUE,98,Maintenance and Repair,14,"Maintenance, Repair, and Installation"
6,FALSE,FALSE,101,Marketing Specialists,26,Marketing and Public Relations
60,FALSE,FALSE,54,Financial Regulation and Compliance,25,"Law, Compliance, and Public Safety"
601,TRUE,TRUE,151,Transmission and Electric Technicians,14,"Maintenance, Repair, and Installation"
602,FALSE,TRUE,151,Transmission and Electric Technicians,14,"Maintenance, Repair, and Installation"
603,FALSE,FALSE,155,Vehicle Mechanics and Technicians,14,"Maintenance, Repair, and Installation"
604,FALSE,TRUE,151,Transmission and Electric Technicians,14,"Maintenance, Repair, and Installation"
605,FALSE,FALSE,151,Transmission and Electric Technicians,14,"Maintenance, Repair, and Installation"
606,TRUE,TRUE,155,Vehicle Mechanics and Technicians,14,"Maintenance, Repair, and Installation"
608,TRUE,TRUE,98,Maintenance and Repair,14,"Maintenance, Repair, and Installation"
609,FALSE,TRUE,155,Vehicle Mechanics and Technicians,14,"Maintenance, Repair, and Installation"
610,FALSE,TRUE,155,Vehicle Mechanics and Technicians,14,"Maintenance, Repair, and Installation"
611,FALSE,TRUE,155,Vehicle Mechanics and Technicians,14,"Maintenance, Repair, and Installation"
612,FALSE,TRUE,155,Vehicle Mechanics and Technicians,14,"Maintenance, Repair, and Installation"
613,FALSE,TRUE,155,Vehicle Mechanics and Technicians,14,"Maintenance, Repair, and Installation"
614,FALSE,TRUE,155,Vehicle Mechanics and Technicians,14,"Maintenance, Repair, and Installation"
615,TRUE,TRUE,155,Vehicle Mechanics and Technicians,14,"Maintenance, Repair, and Installation"
616,TRUE,TRUE,155,Vehicle Mechanics and Technicians,14,"Maintenance, Repair, and Installation"
617,TRUE,TRUE,155,Vehicle Mechanics and Technicians,14,"Maintenance, Repair, and Installation"
618,FALSE,TRUE,127,Production Technicians and Assistants,16,Manufacturing and Production
619,FALSE,FALSE,77,HVAC and Appliance Technicians,14,"Maintenance, Repair, and Installation"
62,FALSE,FALSE,95,Logistics and Distribution Managers,15,Business Management and Operations
620,TRUE,TRUE,77,HVAC and Appliance Technicians,14,"Maintenance, Repair, and Installation"
621,TRUE,TRUE,77,HVAC and Appliance Technicians,14,"Maintenance, Repair, and Installation"
622,FALSE,TRUE,98,Maintenance and Repair,14,"Maintenance, Repair, and Installation"
623,FALSE,FALSE,98,Maintenance and Repair,14,"Maintenance, Repair, and Installation"
624,TRUE,TRUE,151,Transmission and Electric Technicians,14,"Maintenance, Repair, and Installation"
625,TRUE,TRUE,151,Transmission and Electric Technicians,14,"Maintenance, Repair, and Installation"
626,TRUE,TRUE,103,Medical Equipment and Appliance Technicians,11,Health Care including Nursing
627,TRUE,TRUE,98,Maintenance and Repair,14,"Maintenance, Repair, and Installation"
628,TRUE,TRUE,151,Transmission and Electric Technicians,14,"Maintenance, Repair, and Installation"
629,FALSE,TRUE,142,Skilled Crafts,16,Manufacturing and Production
63,FALSE,FALSE,47,Energy and Sustainability Specialists,20,Planning and Analysis
630,FALSE,TRUE,115,Oil and Gas Workers,5,"Construction, Extraction, and Architecture"
631,TRUE,TRUE,131,Rail Transportation,30,Transportation
632,TRUE,TRUE,98,Maintenance and Repair,14,"Maintenance, Repair, and Installation"
633,TRUE,TRUE,98,Maintenance and Repair,14,"Maintenance, Repair, and Installation"
634,FALSE,TRUE,127,Production Technicians and Assistants,16,Manufacturing and Production
635,FALSE,FALSE,126,Production Managers,16,Manufacturing and Production
636,FALSE,FALSE,126,Production Managers,16,Manufacturing and Production
637,TRUE,TRUE,127,Production Technicians and Assistants,16,Manufacturing and Production
638,TRUE,TRUE,127,Production Technicians and Assistants,16,Manufacturing and Production
639,TRUE,TRUE,58,Food and Beverage Preparation,12,"Hospitality, Food, and Tourism"
64,FALSE,FALSE,94,Logistics and Supply Chain Analysts/Specialists,15,Business Management and Operations
640,TRUE,TRUE,58,Food and Beverage Preparation,12,"Hospitality, Food, and Tourism"
641,TRUE,TRUE,58,Food and Beverage Preparation,12,"Hospitality, Food, and Tourism"
642,TRUE,TRUE,58,Food and Beverage Preparation,12,"Hospitality, Food, and Tourism"
643,FALSE,FALSE,97,Machinists and CNC Specialists,16,Manufacturing and Production
644,TRUE,TRUE,96,Machine Operators,16,Manufacturing and Production
645,TRUE,TRUE,96,Machine Operators,16,Manufacturing and Production
646,TRUE,TRUE,97,Machinists and CNC Specialists,16,Manufacturing and Production
647,FALSE,TRUE,97,Machinists and CNC Specialists,16,Manufacturing and Production
648,TRUE,TRUE,97,Machinists and CNC Specialists,16,Manufacturing and Production
649,FALSE,TRUE,96,Machine Operators,16,Manufacturing and Production
65,FALSE,FALSE,124,Procurement,15,Business Management and Operations
651,FALSE,FALSE,97,Machinists and CNC Specialists,16,Manufacturing and Production
652,TRUE,TRUE,160,Welders and Metal Workers,5,"Construction, Extraction, and Architecture"
653,TRUE,TRUE,127,Production Technicians and Assistants,16,Manufacturing and Production
654,FALSE,TRUE,127,Production Technicians and Assistants,16,Manufacturing and Production
655,TRUE,TRUE,127,Production Technicians and Assistants,16,Manufacturing and Production
656,TRUE,TRUE,96,Machine Operators,16,Manufacturing and Production
657,TRUE,TRUE,96,Machine Operators,16,Manufacturing and Production
658,TRUE,TRUE,28,Clothing and Fabric Workers,18,Personal Care and Services
659,TRUE,TRUE,96,Machine Operators,16,Manufacturing and Production
66,FALSE,TRUE,124,Procurement,15,Business Management and Operations
660,TRUE,TRUE,28,Clothing and Fabric Workers,18,Personal Care and Services
661,TRUE,TRUE,28,Clothing and Fabric Workers,18,Personal Care and Services
662,FALSE,TRUE,142,Skilled Crafts,16,Manufacturing and Production
663,TRUE,TRUE,142,Skilled Crafts,16,Manufacturing and Production
666,FALSE,FALSE,122,Plant and System Operation,16,Manufacturing and Production
667,FALSE,TRUE,122,Plant and System Operation,16,Manufacturing and Production
668,FALSE,TRUE,122,Plant and System Operation,16,Manufacturing and Production
669,TRUE,TRUE,122,Plant and System Operation,16,Manufacturing and Production
67,FALSE,FALSE,124,Procurement,15,Business Management and Operations
670,TRUE,TRUE,115,Oil and Gas Workers,5,"Construction, Extraction, and Architecture"
671,TRUE,TRUE,122,Plant and System Operation,16,Manufacturing and Production
672,FALSE,TRUE,115,Oil and Gas Workers,5,"Construction, Extraction, and Architecture"
673,TRUE,TRUE,96,Machine Operators,16,Manufacturing and Production
675,TRUE,TRUE,96,Machine Operators,16,Manufacturing and Production
676,TRUE,TRUE,96,Machine Operators,16,Manufacturing and Production
677,TRUE,TRUE,96,Machine Operators,16,Manufacturing and Production
678,TRUE,TRUE,96,Machine Operators,16,Manufacturing and Production
679,TRUE,TRUE,96,Machine Operators,16,Manufacturing and Production
68,FALSE,TRUE,79,Insurance Claims and Sales,9,Finance
680,TRUE,TRUE,130,Quality Assurance,16,Manufacturing and Production
681,TRUE,TRUE,142,Skilled Crafts,16,Manufacturing and Production
682,TRUE,TRUE,103,Medical Equipment and Appliance Technicians,11,Health Care including Nursing
683,TRUE,TRUE,127,Production Technicians and Assistants,16,Manufacturing and Production
685,TRUE,TRUE,127,Production Technicians and Assistants,16,Manufacturing and Production
686,TRUE,TRUE,117,Painting and Exterior Work,16,Manufacturing and Production
687,TRUE,TRUE,117,Painting and Exterior Work,16,Manufacturing and Production
688,TRUE,TRUE,117,Painting and Exterior Work,16,Manufacturing and Production
689,TRUE,TRUE,127,Production Technicians and Assistants,16,Manufacturing and Production
69,FALSE,TRUE,79,Insurance Claims and Sales,9,Finance
690,FALSE,TRUE,95,Logistics and Distribution Managers,15,Business Management and Operations
691,TRUE,TRUE,47,Energy and Sustainability Specialists,20,Planning and Analysis
692,TRUE,TRUE,95,Logistics and Distribution Managers,15,Business Management and Operations
693,FALSE,TRUE,95,Logistics and Distribution Managers,15,Business Management and Operations
694,FALSE,TRUE,10,Air Transportation,30,Transportation
695,TRUE,TRUE,10,Air Transportation,30,Transportation
696,FALSE,TRUE,36,Travel and Event Planning,12,"Hospitality, Food, and Tourism"
697,TRUE,TRUE,154,Truck and Bus Drivers,30,Transportation
698,TRUE,TRUE,111,Non-Technical Sales,28,Sales
699,TRUE,TRUE,154,Truck and Bus Drivers,30,Transportation
7,FALSE,FALSE,101,Marketing Specialists,26,Marketing and Public Relations
70,FALSE,FALSE,54,Financial Regulation and Compliance,25,"Law, Compliance, and Public Safety"
700,TRUE,TRUE,39,Delivery Drivers and Messengers,30,Transportation
701,TRUE,TRUE,147,Taxi Drivers and Valet Workers,30,Transportation
702,TRUE,TRUE,147,Taxi Drivers and Valet Workers,30,Transportation
703,FALSE,TRUE,131,Rail Transportation,30,Transportation
704,TRUE,TRUE,100,Marine Transportation,30,Transportation
705,FALSE,TRUE,100,Marine Transportation,30,Transportation
706,TRUE,TRUE,147,Taxi Drivers and Valet Workers,30,Transportation
707,TRUE,TRUE,137,Retail Sales and Service,28,Sales
708,TRUE,TRUE,153,Transportation Operations,30,Transportation
709,TRUE,TRUE,10,Air Transportation,30,Transportation
71,FALSE,FALSE,54,Financial Regulation and Compliance,25,"Law, Compliance, and Public Safety"
710,FALSE,FALSE,10,Air Transportation,30,Transportation
711,TRUE,TRUE,155,Vehicle Mechanics and Technicians,14,"Maintenance, Repair, and Installation"
712,TRUE,TRUE,85,Laborers and Warehouse Workers,15,Business Management and Operations
713,TRUE,TRUE,117,Painting and Exterior Work,16,Manufacturing and Production
714,TRUE,TRUE,85,Laborers and Warehouse Workers,15,Business Management and Operations
715,TRUE,TRUE,85,Laborers and Warehouse Workers,15,Business Management and Operations
716,TRUE,TRUE,115,Oil and Gas Workers,5,"Construction, Extraction, and Architecture"
717,TRUE,TRUE,115,Oil and Gas Workers,5,"Construction, Extraction, and Architecture"
718,TRUE,TRUE,85,Laborers and Warehouse Workers,15,Business Management and Operations
72,FALSE,FALSE,31,Construction Managers,5,"Construction, Extraction, and Architecture"
720,FALSE,TRUE,144,Software Development,4,Information Technology
721,FALSE,TRUE,66,Health Education and Counseling,11,Health Care including Nursing
722,TRUE,TRUE,109,Networking and Systems,4,Information Technology
73,FALSE,TRUE,75,Human Resources Specialists,24,Human Resources
74,FALSE,TRUE,75,Human Resources Specialists,24,Human Resources
75,FALSE,TRUE,94,Logistics and Supply Chain Analysts/Specialists,15,Business Management and Operations
76,FALSE,FALSE,94,Logistics and Supply Chain Analysts/Specialists,15,Business Management and Operations
77,FALSE,TRUE,17,Business Analysis,20,Planning and Analysis
78,FALSE,TRUE,36,Travel and Event Planning,12,"Hospitality, Food, and Tourism"
79,FALSE,TRUE,61,Fundraising and Grants,7,Education and Human Services
8,FALSE,FALSE,101,Marketing Specialists,26,Marketing and Public Relations
80,FALSE,TRUE,75,Human Resources Specialists,24,Human Resources
81,FALSE,TRUE,75,Human Resources Specialists,24,Human Resources
82,FALSE,TRUE,101,Marketing Specialists,26,Marketing and Public Relations
83,FALSE,TRUE,101,Marketing Specialists,26,Marketing and Public Relations
84,FALSE,TRUE,101,Marketing Specialists,26,Marketing and Public Relations
85,FALSE,TRUE,47,Energy and Sustainability Specialists,20,Planning and Analysis
87,TRUE,TRUE,54,Financial Regulation and Compliance,25,"Law, Compliance, and Public Safety"
88,FALSE,FALSE,17,Business Analysis,20,Planning and Analysis
89,FALSE,FALSE,47,Energy and Sustainability Specialists,20,Planning and Analysis
9,FALSE,TRUE,138,Sales Managers,28,Sales
90,FALSE,FALSE,101,Marketing Specialists,26,Marketing and Public Relations
91,FALSE,TRUE,2,Accounting Professionals,9,Finance
92,FALSE,TRUE,146,Tax Specialists,9,Finance
93,FALSE,FALSE,2,Accounting Professionals,9,Finance
94,FALSE,TRUE,2,Accounting Professionals,9,Finance
95,FALSE,TRUE,26,Client Support and Sales,28,Sales
96,FALSE,TRUE,13,Banking and Lending,9,Finance
97,TRUE,TRUE,52,Financial Analysis,9,Finance
98,FALSE,TRUE,52,Financial Analysis,9,Finance
99,FALSE,TRUE,52,Financial Analysis,9,Finance